{
  "batsim_version": "5.0.0-rc1",
  "consumed_joules": 0.000000,
  "makespan": 26315604.000566,
  "max_slowdown": 6025400.000163,
  "max_turnaround_time": 17986553.000566,
  "max_waiting_time": 17984273.000566,
  "mean_slowdown": 3201.580533,
  "mean_turnaround_time": 44318.617312,
  "mean_waiting_time": 36395.950423,
  "nb_computing_machines": 100,
  "nb_grouped_switches": 0,
  "nb_jobs": 23983,
  "nb_jobs_finished": 23983,
  "nb_jobs_killed": 0,
  "nb_jobs_rejected": 0,
  "nb_jobs_success": 23983,
  "nb_machine_switches": 0,
  "success_rate": 1.000000,
  "time_computing": 2629131200.051408,
  "time_idle": 1119451.004296,
  "time_sleeping": 0.000000,
  "time_switching_off": 0.000000,
  "time_switching_on": 0.000000,
  "time_unavailable": 0.000000
}
