{
  "batsim_version": "5.0.0-rc1",
  "consumed_joules": 0.000000,
  "makespan": 26020584.000039,
  "max_slowdown": 1485972.002847,
  "max_turnaround_time": 1900800.001812,
  "max_waiting_time": 1690860.001812,
  "mean_slowdown": 4954.812385,
  "mean_turnaround_time": 33994.906911,
  "mean_waiting_time": 26072.240022,
  "nb_computing_machines": 100,
  "nb_grouped_switches": 0,
  "nb_jobs": 23983,
  "nb_jobs_finished": 23983,
  "nb_jobs_killed": 0,
  "nb_jobs_rejected": 0,
  "nb_jobs_success": 23983,
  "nb_machine_switches": 0,
  "success_rate": 1.000000,
  "time_computing": 2588653012.002321,
  "time_idle": 1469370.004803,
  "time_sleeping": 0.000000,
  "time_switching_off": 0.000000,
  "time_switching_on": 0.000000,
  "time_unavailable": 0.000000
}
