{
  "batsim_version": "5.0.0-rc1",
  "consumed_joules": 0.000000,
  "makespan": 26020584.000039,
  "max_slowdown": 526756.000533,
  "max_turnaround_time": 624671.000672,
  "max_waiting_time": 545808.000659,
  "mean_slowdown": 4160.584222,
  "mean_turnaround_time": 31474.081261,
  "mean_waiting_time": 23551.414372,
  "nb_computing_machines": 100,
  "nb_grouped_switches": 0,
  "nb_jobs": 23983,
  "nb_jobs_finished": 23983,
  "nb_jobs_killed": 0,
  "nb_jobs_rejected": 0,
  "nb_jobs_success": 23983,
  "nb_machine_switches": 0,
  "success_rate": 1.000000,
  "time_computing": 2588426345.001723,
  "time_idle": 1277074.004733,
  "time_sleeping": 0.000000,
  "time_switching_off": 0.000000,
  "time_switching_on": 0.000000,
  "time_unavailable": 0.000000
}
