{
  "batsim_version": "5.0.0-rc1",
  "consumed_joules": 0.000000,
  "makespan": 26020584.000039,
  "max_slowdown": 518376.001435,
  "max_turnaround_time": 680412.000424,
  "max_waiting_time": 592107.000225,
  "mean_slowdown": 4193.757081,
  "mean_turnaround_time": 31321.567715,
  "mean_waiting_time": 23398.900826,
  "nb_computing_machines": 100,
  "nb_grouped_switches": 0,
  "nb_jobs": 23983,
  "nb_jobs_finished": 23983,
  "nb_jobs_killed": 0,
  "nb_jobs_rejected": 0,
  "nb_jobs_success": 23983,
  "nb_machine_switches": 0,
  "success_rate": 1.000000,
  "time_computing": 2589108498.000472,
  "time_idle": 1119451.004296,
  "time_sleeping": 0.000000,
  "time_switching_off": 0.000000,
  "time_switching_on": 0.000000,
  "time_unavailable": 0.000000
}
