{
  "batsim_version": "5.0.0-rc1",
  "consumed_joules": 0.000000,
  "makespan": 26020584.000039,
  "max_slowdown": 1482561.004423,
  "max_turnaround_time": 1909209.003417,
  "max_waiting_time": 1699269.003417,
  "mean_slowdown": 3822.689499,
  "mean_turnaround_time": 32322.736129,
  "mean_waiting_time": 24400.069240,
  "nb_computing_machines": 100,
  "nb_grouped_switches": 0,
  "nb_jobs": 23983,
  "nb_jobs_finished": 23983,
  "nb_jobs_killed": 0,
  "nb_jobs_rejected": 0,
  "nb_jobs_success": 23983,
  "nb_machine_switches": 0,
  "success_rate": 1.000000,
  "time_computing": 2588653738.002831,
  "time_idle": 1469370.004803,
  "time_sleeping": 0.000000,
  "time_switching_off": 0.000000,
  "time_switching_on": 0.000000,
  "time_unavailable": 0.000000
}
