{"TotalUsers": 189, "TotalT": 117, "TotalP": 72, "TotalJobs": 28872, "AvgJobsPerWeek": 601.5, "AvgUsersPerWeek": 40.229166666666664, "AvgTPerWeek": 11.041666666666666, "AvgPPerWeek": 29.1875}