{
  "batsim_version": "5.0.0-rc1",
  "consumed_joules": 0.000000,
  "makespan": 26358069.001093,
  "max_slowdown": 6430262.000194,
  "max_turnaround_time": 25022099.001093,
  "max_waiting_time": 25009259.001093,
  "mean_slowdown": 4218.474622,
  "mean_turnaround_time": 52121.711173,
  "mean_waiting_time": 44199.044284,
  "nb_computing_machines": 100,
  "nb_grouped_switches": 0,
  "nb_jobs": 23983,
  "nb_jobs_finished": 23983,
  "nb_jobs_killed": 0,
  "nb_jobs_rejected": 0,
  "nb_jobs_success": 23983,
  "nb_machine_switches": 0,
  "success_rate": 1.000000,
  "time_computing": 2633120129.104454,
  "time_idle": 1119451.004296,
  "time_sleeping": 0.000000,
  "time_switching_off": 0.000000,
  "time_switching_on": 0.000000,
  "time_unavailable": 0.000000
}
