{
  "batsim_version": "5.0.0-rc1",
  "consumed_joules": 0.000000,
  "makespan": 26280378.000659,
  "max_slowdown": 8341737.000194,
  "max_turnaround_time": 20124092.000052,
  "max_waiting_time": 19962992.000052,
  "mean_slowdown": 3120.365283,
  "mean_turnaround_time": 44706.170622,
  "mean_waiting_time": 36783.503733,
  "nb_computing_machines": 100,
  "nb_grouped_switches": 0,
  "nb_jobs": 23983,
  "nb_jobs_finished": 23983,
  "nb_jobs_killed": 0,
  "nb_jobs_rejected": 0,
  "nb_jobs_success": 23983,
  "nb_machine_switches": 0,
  "success_rate": 1.000000,
  "time_computing": 2625975629.060431,
  "time_idle": 1119451.004296,
  "time_sleeping": 0.000000,
  "time_switching_off": 0.000000,
  "time_switching_on": 0.000000,
  "time_unavailable": 0.000000
}
