{
  "batsim_version": "5.0.0-rc1",
  "consumed_joules": 0.000000,
  "makespan": 26020584.000039,
  "max_slowdown": 669640.002030,
  "max_turnaround_time": 1493563.005848,
  "max_waiting_time": 1277683.005848,
  "mean_slowdown": 2867.811164,
  "mean_turnaround_time": 27930.331225,
  "mean_waiting_time": 20007.664335,
  "nb_computing_machines": 100,
  "nb_grouped_switches": 0,
  "nb_jobs": 23983,
  "nb_jobs_finished": 23983,
  "nb_jobs_killed": 0,
  "nb_jobs_rejected": 0,
  "nb_jobs_success": 23983,
  "nb_machine_switches": 0,
  "success_rate": 1.000000,
  "time_computing": 2588290263.004683,
  "time_idle": 1478260.004901,
  "time_sleeping": 0.000000,
  "time_switching_off": 0.000000,
  "time_switching_on": 0.000000,
  "time_unavailable": 0.000000
}
