{
  "batsim_version": "5.0.0-rc1",
  "consumed_joules": 0.000000,
  "makespan": 26020584.000039,
  "max_slowdown": 4025743.000070,
  "max_turnaround_time": 6812452.000132,
  "max_waiting_time": 6810172.000132,
  "mean_slowdown": 5162.393343,
  "mean_turnaround_time": 37278.223157,
  "mean_waiting_time": 29355.556268,
  "nb_computing_machines": 100,
  "nb_grouped_switches": 0,
  "nb_jobs": 23983,
  "nb_jobs_finished": 23983,
  "nb_jobs_killed": 0,
  "nb_jobs_rejected": 0,
  "nb_jobs_success": 23983,
  "nb_machine_switches": 0,
  "success_rate": 1.000000,
  "time_computing": 2588622814.000387,
  "time_idle": 1277074.004733,
  "time_sleeping": 0.000000,
  "time_switching_off": 0.000000,
  "time_switching_on": 0.000000,
  "time_unavailable": 0.000000
}
