{
  "batsim_version": "5.0.0-rc1",
  "consumed_joules": 0.000000,
  "makespan": 26020584.000039,
  "max_slowdown": 467044.002691,
  "max_turnaround_time": 614636.000158,
  "max_waiting_time": 521815.002145,
  "mean_slowdown": 3738.511253,
  "mean_turnaround_time": 29782.130508,
  "mean_waiting_time": 21859.463619,
  "nb_computing_machines": 100,
  "nb_grouped_switches": 0,
  "nb_jobs": 23983,
  "nb_jobs_finished": 23983,
  "nb_jobs_killed": 0,
  "nb_jobs_rejected": 0,
  "nb_jobs_success": 23983,
  "nb_machine_switches": 0,
  "success_rate": 1.000000,
  "time_computing": 2588767077.000713,
  "time_idle": 1350607.004407,
  "time_sleeping": 0.000000,
  "time_switching_off": 0.000000,
  "time_switching_on": 0.000000,
  "time_unavailable": 0.000000
}
