{
  "batsim_version": "5.0.0-rc1",
  "consumed_joules": 0.000000,
  "makespan": 26020584.000039,
  "max_slowdown": 1576175.002623,
  "max_turnaround_time": 2329718.000259,
  "max_waiting_time": 2119778.000259,
  "mean_slowdown": 4414.807890,
  "mean_turnaround_time": 33053.129319,
  "mean_waiting_time": 25130.462430,
  "nb_computing_machines": 100,
  "nb_grouped_switches": 0,
  "nb_jobs": 23983,
  "nb_jobs_finished": 23983,
  "nb_jobs_killed": 0,
  "nb_jobs_rejected": 0,
  "nb_jobs_success": 23983,
  "nb_machine_switches": 0,
  "success_rate": 1.000000,
  "time_computing": 2588653012.002477,
  "time_idle": 1469370.004803,
  "time_sleeping": 0.000000,
  "time_switching_off": 0.000000,
  "time_switching_on": 0.000000,
  "time_unavailable": 0.000000
}
