{
  "batsim_version": "5.0.0-rc1",
  "consumed_joules": 0.000000,
  "makespan": 26484770.002452,
  "max_slowdown": 24565753.001274,
  "max_turnaround_time": 25558330.001336,
  "max_waiting_time": 25557310.001336,
  "mean_slowdown": 10786.509106,
  "mean_turnaround_time": 78586.463794,
  "mean_waiting_time": 70663.796905,
  "nb_computing_machines": 100,
  "nb_grouped_switches": 0,
  "nb_jobs": 23983,
  "nb_jobs_finished": 23983,
  "nb_jobs_killed": 0,
  "nb_jobs_rejected": 0,
  "nb_jobs_success": 23983,
  "nb_machine_switches": 0,
  "success_rate": 1.000000,
  "time_computing": 2646418393.240809,
  "time_idle": 1350607.004407,
  "time_sleeping": 0.000000,
  "time_switching_off": 0.000000,
  "time_switching_on": 0.000000,
  "time_unavailable": 0.000000
}
