{
  "batsim_version": "5.0.0-rc1",
  "consumed_joules": 0.000000,
  "makespan": 26020584.000039,
  "max_slowdown": 481245.003381,
  "max_turnaround_time": 573971.001366,
  "max_waiting_time": 481244.003381,
  "mean_slowdown": 4559.624547,
  "mean_turnaround_time": 32630.882476,
  "mean_waiting_time": 24708.215587,
  "nb_computing_machines": 100,
  "nb_grouped_switches": 0,
  "nb_jobs": 23983,
  "nb_jobs_finished": 23983,
  "nb_jobs_killed": 0,
  "nb_jobs_rejected": 0,
  "nb_jobs_success": 23983,
  "nb_machine_switches": 0,
  "success_rate": 1.000000,
  "time_computing": 2588426345.001723,
  "time_idle": 1277074.004733,
  "time_sleeping": 0.000000,
  "time_switching_off": 0.000000,
  "time_switching_on": 0.000000,
  "time_unavailable": 0.000000
}
