{
  "batsim_version": "5.0.0-rc1",
  "consumed_joules": 0.000000,
  "makespan": 26282308.001031,
  "max_slowdown": 8347655.000176,
  "max_turnaround_time": 18824537.001031,
  "max_waiting_time": 18810797.001031,
  "mean_slowdown": 3436.740294,
  "mean_turnaround_time": 48931.629523,
  "mean_waiting_time": 41008.962634,
  "nb_computing_machines": 100,
  "nb_grouped_switches": 0,
  "nb_jobs": 23983,
  "nb_jobs_finished": 23983,
  "nb_jobs_killed": 0,
  "nb_jobs_rejected": 0,
  "nb_jobs_success": 23983,
  "nb_machine_switches": 0,
  "success_rate": 1.000000,
  "time_computing": 2625694869.098625,
  "time_idle": 1119451.004296,
  "time_sleeping": 0.000000,
  "time_switching_off": 0.000000,
  "time_switching_on": 0.000000,
  "time_unavailable": 0.000000
}
