{
  "batsim_version": "5.0.0-rc1",
  "consumed_joules": 0.000000,
  "makespan": 26331412.000579,
  "max_slowdown": 6543218.000277,
  "max_turnaround_time": 20301661.000579,
  "max_waiting_time": 20122441.000579,
  "mean_slowdown": 3015.315108,
  "mean_turnaround_time": 41405.359455,
  "mean_waiting_time": 33482.692566,
  "nb_computing_machines": 100,
  "nb_grouped_switches": 0,
  "nb_jobs": 23983,
  "nb_jobs_finished": 23983,
  "nb_jobs_killed": 0,
  "nb_jobs_rejected": 0,
  "nb_jobs_success": 23983,
  "nb_machine_switches": 0,
  "success_rate": 1.000000,
  "time_computing": 2613470731.051642,
  "time_idle": 1119451.004296,
  "time_sleeping": 0.000000,
  "time_switching_off": 0.000000,
  "time_switching_on": 0.000000,
  "time_unavailable": 0.000000
}
