{
  "batsim_version": "5.0.0-rc1",
  "consumed_joules": 0.000000,
  "makespan": 26193505.000566,
  "max_slowdown": 5256463.000101,
  "max_turnaround_time": 18276878.000566,
  "max_waiting_time": 18269798.000566,
  "mean_slowdown": 3328.385213,
  "mean_turnaround_time": 45075.857397,
  "mean_waiting_time": 37153.190508,
  "nb_computing_machines": 100,
  "nb_grouped_switches": 0,
  "nb_jobs": 23983,
  "nb_jobs_finished": 23983,
  "nb_jobs_killed": 0,
  "nb_jobs_rejected": 0,
  "nb_jobs_success": 23983,
  "nb_machine_switches": 0,
  "success_rate": 1.000000,
  "time_computing": 2617523049.052307,
  "time_idle": 1119451.004296,
  "time_sleeping": 0.000000,
  "time_switching_off": 0.000000,
  "time_switching_on": 0.000000,
  "time_unavailable": 0.000000
}
