{
  "batsim_version": "5.0.0-rc1",
  "consumed_joules": 0.000000,
  "makespan": 26309549.000814,
  "max_slowdown": 5006988.000101,
  "max_turnaround_time": 18851701.000814,
  "max_waiting_time": 18841981.000814,
  "mean_slowdown": 3497.638023,
  "mean_turnaround_time": 48600.247128,
  "mean_waiting_time": 40677.580239,
  "nb_computing_machines": 100,
  "nb_grouped_switches": 0,
  "nb_jobs": 23983,
  "nb_jobs_finished": 23983,
  "nb_jobs_killed": 0,
  "nb_jobs_rejected": 0,
  "nb_jobs_success": 23983,
  "nb_machine_switches": 0,
  "success_rate": 1.000000,
  "time_computing": 2628820969.076923,
  "time_idle": 1119451.004296,
  "time_sleeping": 0.000000,
  "time_switching_off": 0.000000,
  "time_switching_on": 0.000000,
  "time_unavailable": 0.000000
}
